{
	"info": {
		"_postman_id": "a5b36257-afe0-4824-89eb-9a777d98804e",
		"name": "ContactMicroService",
		"schema": "https://schema.getpostman.com/json/collection/v2.1.0/collection.json"
	},
	"item": [
		{
			"name": "PostContact",
			"request": {
				"method": "POST",
				"header": [],
				"body": {
					"mode": "raw",
					"raw": "{\r\n \"Name\" : \"Bahtiyar2\",\r\n \"Surname\" : \"Sime2\",\r\n \"PhoneNumber\":\"5414601176\",\r\n \"ContactType\":0,\r\n \"IsPrimary\":true\r\n}\r\n",
					"options": {
						"raw": {
							"language": "json"
						}
					}
				},
				"url": {
					"raw": "https://localhost:44345/api/Contact",
					"protocol": "https",
					"host": [
						"localhost"
					],
					"port": "44345",
					"path": [
						"api",
						"Contact"
					]
				}
			},
			"response": []
		},
		{
			"name": "Get Contact",
			"protocolProfileBehavior": {
				"disableBodyPruning": true
			},
			"request": {
				"method": "GET",
				"header": [],
				"body": {
					"mode": "raw",
					"raw": "",
					"options": {
						"raw": {
							"language": "json"
						}
					}
				},
				"url": {
					"raw": "https://localhost:44345/api/Contact",
					"protocol": "https",
					"host": [
						"localhost"
					],
					"port": "44345",
					"path": [
						"api",
						"Contact"
					]
				}
			},
			"response": []
		},
		{
			"name": "Get ContactById",
			"request": {
				"method": "GET",
				"header": [],
				"url": {
					"raw": "https://localhost:44345/api/Contact/1",
					"protocol": "https",
					"host": [
						"localhost"
					],
					"port": "44345",
					"path": [
						"api",
						"Contact",
						"1"
					]
				}
			},
			"response": []
		},
		{
			"name": "Put Contact",
			"request": {
				"method": "PUT",
				"header": [],
				"body": {
					"mode": "raw",
					"raw": "{\r\n    \"id\": 1,\r\n    \"name\": \"Bahtiyar\",\r\n    \"surname\": \"Sime\",\r\n    \"phoneNumber\": \"5414601176\",\r\n    \"contactType\": 0,\r\n    \"isPrimary\": false\r\n}",
					"options": {
						"raw": {
							"language": "json"
						}
					}
				},
				"url": {
					"raw": "https://localhost:44345/api/Contact/1",
					"protocol": "https",
					"host": [
						"localhost"
					],
					"port": "44345",
					"path": [
						"api",
						"Contact",
						"1"
					]
				}
			},
			"response": []
		},
		{
			"name": "Delete Contact",
			"request": {
				"method": "DELETE",
				"header": [],
				"body": {
					"mode": "raw",
					"raw": "",
					"options": {
						"raw": {
							"language": "json"
						}
					}
				},
				"url": {
					"raw": "https://localhost:44345/api/Contact/2",
					"protocol": "https",
					"host": [
						"localhost"
					],
					"port": "44345",
					"path": [
						"api",
						"Contact",
						"2"
					]
				}
			},
			"response": []
		},
		{
			"name": "Post ContactDetail",
			"request": {
				"method": "POST",
				"header": [],
				"body": {
					"mode": "raw",
					"raw": "\r\n{\r\n    \"HomeAdress\":\"ümraniye\",\r\n    \"CompanyAdress\":\"Maltepe\",\r\n    \"Email\":\"bahtiyarsime@gmail.com\",\r\n    \"Contact\":{\r\n            \"Name\" : \"Bahtiyar2\",\r\n            \"Surname\" : \"Sime2\",\r\n             \"PhoneNumber\":\"5414601176\",\r\n             \"ContactType\":0,\r\n             \"IsPrimary\":true\r\n    }\r\n}\r\n",
					"options": {
						"raw": {
							"language": "json"
						}
					}
				},
				"url": {
					"raw": "https://localhost:44345/api/ContactDetail",
					"protocol": "https",
					"host": [
						"localhost"
					],
					"port": "44345",
					"path": [
						"api",
						"ContactDetail"
					]
				}
			},
			"response": []
		},
		{
			"name": "Get ContactDetail",
			"protocolProfileBehavior": {
				"disableBodyPruning": true
			},
			"request": {
				"method": "GET",
				"header": [],
				"body": {
					"mode": "raw",
					"raw": "",
					"options": {
						"raw": {
							"language": "json"
						}
					}
				},
				"url": {
					"raw": "https://localhost:44345/api/ContactDetail",
					"protocol": "https",
					"host": [
						"localhost"
					],
					"port": "44345",
					"path": [
						"api",
						"ContactDetail"
					]
				}
			},
			"response": []
		},
		{
			"name": "Delete ContactDetail",
			"request": {
				"method": "DELETE",
				"header": [],
				"body": {
					"mode": "raw",
					"raw": "",
					"options": {
						"raw": {
							"language": "json"
						}
					}
				},
				"url": {
					"raw": "https://localhost:44345/api/ContactDetail/3",
					"protocol": "https",
					"host": [
						"localhost"
					],
					"port": "44345",
					"path": [
						"api",
						"ContactDetail",
						"3"
					]
				}
			},
			"response": []
		}
	]
}